headers,date,Statement,NotePress
2026 FOMC Meetings,January27-28,:PDF|HTMLImplementation,Conference
2026 FOMC Meetings,March17-18*,:PDF|HTMLImplementation,"ConferenceProjection MaterialsPDF|HTMLMinutes:PDF|HTML(Released April 08, 2026)"
2026 FOMC Meetings,April28-29,:PDF|HTMLImplementation,"ConferenceMinutes:PDF|HTML(Released May 20, 2026)"
2026 FOMC Meetings,June16-17*,:PDF|HTMLImplementation,"ConferenceProjection MaterialsPDF|HTMLMinutes:PDF|HTML(Released July 08, 2026)"
2026 FOMC Meetings,July28-29,:PDF|HTMLImplementation,"ConferenceMinutes:PDF|HTML(Released August 19, 2026)"
2026 FOMC Meetings,September15-16*,,
2026 FOMC Meetings,October27-28,,
2026 FOMC Meetings,December8-9*,,
2025 FOMC Meetings,January28-29,:PDF|HTMLImplementation,"ConferenceMinutes:PDF|HTML(Released February 19, 2025)"
2025 FOMC Meetings,March18-19*,:PDF|HTMLImplementation,"ConferenceProjection MaterialsPDF|HTMLMinutes:PDF|HTML(Released April 09, 2025)"
2025 FOMC Meetings,May6-7,:PDF|HTMLImplementation,"ConferenceMinutes:PDF|HTML(Released May 28, 2025)"
2025 FOMC Meetings,June17-18*,:PDF|HTMLImplementation,"ConferenceProjection MaterialsPDF|HTMLMinutes:PDF|HTML(Released July 09, 2025)"
2025 FOMC Meetings,July29-30,:PDF|HTMLImplementation,"ConferenceMinutes:PDF|HTML(Released August 20, 2025)"
2025 FOMC Meetings,August22 (notation vote),,
2025 FOMC Meetings,September16-17*,:PDF|HTMLImplementation,"ConferenceProjection MaterialsPDF|HTMLMinutes:PDF|HTML(Released October 08, 2025)"
2025 FOMC Meetings,October28-29,:PDF|HTMLImplementation,"ConferenceMinutes:PDF|HTML(Released November 19, 2025)"
2025 FOMC Meetings,January30-31,:PDF|HTMLImplementation,Conference
2024 FOMC Meetings,March19-20*,:PDF|HTMLImplementation,"ConferenceProjection MaterialsPDF|HTMLMinutes:PDF|HTML(Released April 10, 2024)"
2024 FOMC Meetings,Apr/May30-1,:PDF|HTMLImplementation,"ConferenceMinutes:PDF|HTML(Released May 22, 2024)"
2024 FOMC Meetings,June11-12*,:PDF|HTMLImplementation,"ConferenceProjection MaterialsPDF|HTMLMinutes:PDF|HTML(Released July 03, 2024)"
2024 FOMC Meetings,July30-31,:PDF|HTMLImplementation,"ConferenceMinutes:PDF|HTML(Released August 21, 2024)"
2024 FOMC Meetings,September17-18*,:PDF|HTMLImplementation,"ConferenceProjection MaterialsPDF|HTMLMinutes:PDF|HTML(Released October 09, 2024)"
2024 FOMC Meetings,November6-7,:PDF|HTMLImplementation,"ConferenceMinutes:PDF|HTML(Released November 26, 2024)"
2024 FOMC Meetings,December17-18*,:PDF|HTMLImplementation,"ConferenceProjection MaterialsPDF|HTMLMinutes:PDF|HTML(Released January 08, 2025)"
2024 FOMC Meetings,Jan/Feb31-1,:PDF|HTMLImplementation,Conference
2023 FOMC Meetings,March21-22*,:PDF|HTMLImplementation,"ConferenceProjection MaterialsPDF|HTMLMinutes:PDF|HTML(Released April 12, 2023)"
2023 FOMC Meetings,May2-3,:PDF|HTMLImplementation,"ConferenceMinutes:PDF|HTML(Released May 24, 2023)"
2023 FOMC Meetings,June13-14*,:PDF|HTMLImplementation,"ConferenceProjection MaterialsPDF|HTMLMinutes:PDF|HTML(Released July 05, 2023)"
2023 FOMC Meetings,July25-26,:PDF|HTMLImplementation,"ConferenceMinutes:PDF|HTML(Released August 16, 2023)"
2023 FOMC Meetings,September19-20*,:PDF|HTMLImplementation,"ConferenceProjection MaterialsPDF|HTMLMinutes:PDF|HTML(Released October 11, 2023)"
2023 FOMC Meetings,Oct/Nov31-1,:PDF|HTMLImplementation,"ConferenceMinutes:PDF|HTML(Released November 21, 2023)"
2023 FOMC Meetings,December12-13*,:PDF|HTMLImplementation,"ConferenceProjection MaterialsPDF|HTMLMinutes:PDF|HTML(Released January 03, 2024)"
2023 FOMC Meetings,January25-26,:PDF|HTMLImplementation,Conference
2022 FOMC Meetings,March15-16*,:PDF|HTMLImplementation,"ConferenceProjection MaterialsPDF|HTMLMinutes:PDF|HTML(Released April 06, 2022)"
2022 FOMC Meetings,May3-4,:PDF|HTMLImplementation,"ConferencePlans for Reducing the Size of the Federal Reserve's Balance SheetMinutes:PDF|HTML(Released May 25, 2022)"
2022 FOMC Meetings,June14-15*,:PDF|HTMLImplementation,"ConferenceProjection MaterialsPDF|HTMLMinutes:PDF|HTML(Released July 06, 2022)"
2022 FOMC Meetings,July26-27,:PDF|HTMLImplementation,"ConferenceMinutes:PDF|HTML(Released August 17, 2022)"
2022 FOMC Meetings,September20-21*,:PDF|HTMLImplementation,"ConferenceProjection MaterialsPDF|HTMLMinutes:PDF|HTML(Released October 12, 2022)"
2022 FOMC Meetings,November1-2,:PDF|HTMLImplementation,"ConferenceMinutes:PDF|HTML(Released November 23, 2022)"
2022 FOMC Meetings,December13-14*,:PDF|HTMLImplementation,"ConferenceProjection MaterialsPDF|HTMLMinutes:PDF|HTML(Released January 04, 2023)"
2022 FOMC Meetings,January26-27,:PDF|HTMLImplementation,Conference
2021 FOMC Meetings,March16-17*,:PDF|HTMLImplementation,"ConferenceProjection MaterialsPDF|HTMLMinutes:PDF|HTML(Released April 07, 2021)"
2021 FOMC Meetings,April27-28,:PDF|HTMLImplementation,"ConferenceMinutes:PDF|HTML(Released May 19, 2021)"
2021 FOMC Meetings,June15-16*,:PDF|HTMLImplementation,"ConferenceProjection MaterialsPDF|HTMLMinutes:PDF|HTML(Released July 07, 2021)"
2021 FOMC Meetings,July27-28,:PDF|HTMLImplementation,"ConferenceMinutes:PDF|HTML(Released August 18, 2021)"
2021 FOMC Meetings,September21-22*,:PDF|HTMLImplementation,"ConferenceProjection MaterialsPDF|HTMLMinutes:PDF|HTML(Released October 13, 2021)"
2021 FOMC Meetings,November2-3,:PDF|HTMLImplementation,"ConferenceMinutes:PDF|HTML(Released November 24, 2021)"
2021 FOMC Meetings,December14-15*,:PDF|HTMLImplementation,"ConferenceProjection MaterialsPDF|HTMLMinutes:PDF|HTML(Released January 05, 2022)"
2021 FOMC Meetings,January26-27,,
2027 FOMC Meetings,March16-17*,,
2027 FOMC Meetings,April27-28,,
2027 FOMC Meetings,June8-9*,,
2027 FOMC Meetings,July27-28,,
2027 FOMC Meetings,September14-15*,,
2027 FOMC Meetings,October26-27,,
2027 FOMC Meetings,December7-8*,,
